FLOW;FROM-TO;STEP 1;STEP 2;STEP 3;STEP 4;STEP 5;STEP 6;STEP 7;STEP 8;STEP 9;STEP 10;STEP 11;STEP 12;STEP 13;STEP 14;STEP 15;STEP 16;STEP 17;STEP 18;STEP 19;STEP 20;STEP 21;STEP 22
1;N1957490899|N25901898;N1957490899-N21527321;N21527321-N2383701846;N2383701846-N329991544;N329991544-N4154368889;N4154368889-N2383701847;N2383701847-N255289006;N255289006-N255289007;N255289007-N942080459;N942080459-N26513137;N26513137-N26513111;N26513111-N26513067;N26513067-N1555729951;N1555729951-N942080445;N942080445-N25901921;N25901921-N25901917;N25901917-N25901914;N25901914-N25901897;N25901897-N25901898;;;;
1;N1957490899|N25901898;N1957490899-N21527321;N21527321-N2383701846;N2383701846-N329991544;N329991544-N4154368889;N4154368889-N2383701847;N2383701847-N25552412;N25552412-N1209330640;N1209330640-N1209330272;N1209330272-N171946;N171946-N26513145;N26513145-N26513105;N26513105-N26513061;N26513061-N4576234358;N4576234358-N1900998825;N1900998825-N1900998827;N1900998827-N4576234377;N4576234377-N942080448;N942080448-N25901897;N25901897-N25901898;;;
1;N1957490899|N25901898;N1957490899-N21527321;N21527321-N2383701846;N2383701846-N329991544;N329991544-N4154368889;N4154368889-N2383701847;N2383701847-N255289006;N255289006-N255289007;N255289007-N942080459;N942080459-N26513137;N26513137-N26513111;N26513111-N26513067;N26513067-N1555729951;N1555729951-N942080445;N942080445-N25901919;N25901919-N25901917;N25901917-N25901914;N25901914-N25901897;N25901897-N25901898;;;;
2;N1957490899|N2827804125;N1957490899-N21527321;N21527321-N2383701846;N2383701846-N329991544;N329991544-N4154368889;N4154368889-N2383701847;N2383701847-N255289006;N255289006-N255289007;N255289007-N942080459;N942080459-N26513137;N26513137-N26513111;N26513111-N26513067;N26513067-N26513085;N26513085-N1973690393;N1973690393-N1950481121;N1950481121-N25552446;N25552446-N1278839005;N1278839005-N1555729961;N1555729961-N25552447;N25552447-N2827804125;;;
2;N1957490899|N2827804125;N1957490899-N21527321;N21527321-N2383701846;N2383701846-N329991544;N329991544-N4154368889;N4154368889-N2383701847;N2383701847-N255289006;N255289006-N29484172;N29484172-N28096488;N28096488-N1981925766;N1981925766-N26513155;N26513155-N1973690386;N1973690386-N26513117;N26513117-N1981925767;N1981925767-N25552425;N25552425-N1950481125;N1950481125-N25552446;N25552446-N1278839005;N1278839005-N1555729961;N1555729961-N25552447;N25552447-N2827804125;;
2;N1957490899|N2827804125;N1957490899-N21527321;N21527321-N2383701846;N2383701846-N329991544;N329991544-N4154368889;N4154368889-N2383701847;N2383701847-N255289006;N255289006-N255289007;N255289007-N942080459;N942080459-N26513137;N26513137-N26513111;N26513111-N26513067;N26513067-N26513085;N26513085-N1973690392;N1973690392-N1555729967;N1555729967-N26513072;N26513072-N1278838937;N1278838937-N2377018002;N2377018002-N25552447;N25552447-N2827804125;;;
2;N1957490899|N2827804125;N1957490899-N21527321;N21527321-N2383701846;N2383701846-N329991544;N329991544-N4154368889;N4154368889-N2383701847;N2383701847-N255289006;N255289006-N255289007;N255289007-N942080459;N942080459-N26513137;N26513137-N26513111;N26513111-N26513124;N26513124-N26513117;N26513117-N1981925767;N1981925767-N25552425;N25552425-N1950481125;N1950481125-N25552446;N25552446-N1278839005;N1278839005-N1555729961;N1555729961-N25552447;N25552447-N2827804125;;
3;N1957490899|N329991000;N1957490899-N21527321;N21527321-N329991283;N329991283-N255522956;N255522956-N4018314904;N4018314904-N20953244;N20953244-N20953243;N20953243-N329991000;;;;;;;;;;;;;;;
4;N1957490899|N4456617457;N1957490899-N21527321;N21527321-N2383701846;N2383701846-N329991544;N329991544-N4154368889;N4154368889-N2383701847;N2383701847-N255289006;N255289006-N255289007;N255289007-N942080459;N942080459-N26513137;N26513137-N26513111;N26513111-N26513067;N26513067-N26513085;N26513085-N1973690393;N1973690393-N1950481121;N1950481121-N25552446;N25552446-N1278839005;N1278839005-N1555729961;N1555729961-N25552447;N25552447-N25552448;N25552448-N25552449;N25552449-N4456617457;
4;N1957490899|N4456617457;N1957490899-N21527321;N21527321-N2383701846;N2383701846-N329991544;N329991544-N4154368889;N4154368889-N2383701847;N2383701847-N255289006;N255289006-N29484172;N29484172-N28096488;N28096488-N1981925766;N1981925766-N26513155;N26513155-N1973690386;N1973690386-N26513117;N26513117-N1981925767;N1981925767-N25552425;N25552425-N1950481125;N1950481125-N25552446;N25552446-N1278839005;N1278839005-N1555729961;N1555729961-N25552447;N25552447-N25552448;N25552448-N25552449;N25552449-N4456617457
4;N1957490899|N4456617457;N1957490899-N21527321;N21527321-N2383701846;N2383701846-N329991544;N329991544-N4154368889;N4154368889-N2383701847;N2383701847-N255289006;N255289006-N255289007;N255289007-N942080459;N942080459-N26513137;N26513137-N26513111;N26513111-N26513067;N26513067-N26513085;N26513085-N1973690392;N1973690392-N1555729967;N1555729967-N26513072;N26513072-N1278838937;N1278838937-N2377018002;N2377018002-N25552447;N25552447-N25552448;N25552448-N25552449;N25552449-N4456617457;
4;N1957490899|N4456617457;N1957490899-N21527321;N21527321-N2383701846;N2383701846-N329991544;N329991544-N4154368889;N4154368889-N2383701847;N2383701847-N255289006;N255289006-N255289007;N255289007-N942080459;N942080459-N26513137;N26513137-N26513111;N26513111-N26513124;N26513124-N26513117;N26513117-N1981925767;N1981925767-N25552425;N25552425-N1950481125;N1950481125-N25552446;N25552446-N1278839005;N1278839005-N1555729961;N1555729961-N25552447;N25552447-N25552448;N25552448-N25552449;N25552449-N4456617457
5;N25901898|N1957490899;N25901898-N25901897;N25901897-N25901914;N25901914-N25901917;N25901917-N25901921;N25901921-N942080445;N942080445-N1555729951;N1555729951-N26513067;N26513067-N26513111;N26513111-N26513137;N26513137-N942080459;N942080459-N255289007;N255289007-N255289006;N255289006-N2383701847;N2383701847-N4154368889;N4154368889-N329991544;N329991544-N2383701846;N2383701846-N21527321;N21527321-N1957490899;;;;
5;N25901898|N1957490899;N25901898-N25901897;N25901897-N942080448;N942080448-N4576234377;N4576234377-N1900998827;N1900998827-N1900998825;N1900998825-N4576234358;N4576234358-N26513061;N26513061-N26513105;N26513105-N26513145;N26513145-N171946;N171946-N1209330272;N1209330272-N1209330640;N1209330640-N25552412;N25552412-N2383701847;N2383701847-N4154368889;N4154368889-N329991544;N329991544-N2383701846;N2383701846-N21527321;N21527321-N1957490899;;;
5;N25901898|N1957490899;N25901898-N25901897;N25901897-N25901914;N25901914-N25901917;N25901917-N25901919;N25901919-N942080445;N942080445-N1555729951;N1555729951-N26513067;N26513067-N26513111;N26513111-N26513137;N26513137-N942080459;N942080459-N255289007;N255289007-N255289006;N255289006-N2383701847;N2383701847-N4154368889;N4154368889-N329991544;N329991544-N2383701846;N2383701846-N21527321;N21527321-N1957490899;;;;
6;N25901898|N2827804125;N25901898-N25901897;N25901897-N25901914;N25901914-N25901917;N25901917-N25901921;N25901921-N942080445;N942080445-N3323813669;N3323813669-N26513072;N26513072-N1278838937;N1278838937-N2377018002;N2377018002-N25552447;N25552447-N2827804125;;;;;;;;;;;
6;N25901898|N2827804125;N25901898-N25901897;N25901897-N25901914;N25901914-N25901895;N25901895-N3418035825;N3418035825-N25901925;N25901925-N1278838932;N1278838932-N345538475;N345538475-N1278839131;N1278839131-N25901948;N25901948-N25901958;N25901958-N345537803;N345537803-N3323948849;N3323948849-N3428425012;N3428425012-N1278839042;N1278839042-N2827804125;;;;;;;
6;N25901898|N2827804125;N25901898-N25901897;N25901897-N25901914;N25901914-N25901917;N25901917-N25901919;N25901919-N942080445;N942080445-N3323813669;N3323813669-N26513072;N26513072-N1278838937;N1278838937-N2377018002;N2377018002-N25552447;N25552447-N2827804125;;;;;;;;;;;
7;N25901898|N329991000;N25901898-N25901897;N25901897-N942080448;N942080448-N4576234370;N4576234370-N1555729985;N1555729985-N4576234823;N4576234823-N26513047;N26513047-N4576234824;N4576234824-N4576234828;N4576234828-N26513097;N26513097-N1209332387;N1209332387-N1209330887;N1209330887-N329991000;;;;;;;;;;
7;N25901898|N329991000;N25901898-N25901897;N25901897-N942080448;N942080448-N4576234377;N4576234377-N1900998827;N1900998827-N1900998825;N1900998825-N4576234358;N4576234358-N26513061;N26513061-N26513105;N26513105-N26513145;N26513145-N171946;N171946-N3280496563;N3280496563-N329991000;;;;;;;;;;
8;N25901898|N4456617457;N25901898-N25901897;N25901897-N25901914;N25901914-N25901917;N25901917-N25901921;N25901921-N942080445;N942080445-N3323813669;N3323813669-N26513072;N26513072-N1278838937;N1278838937-N2377018002;N2377018002-N25552447;N25552447-N25552448;N25552448-N25552449;N25552449-N4456617457;;;;;;;;;
8;N25901898|N4456617457;N25901898-N25901897;N25901897-N25901914;N25901914-N25901895;N25901895-N3418035825;N3418035825-N25901925;N25901925-N1278838932;N1278838932-N345538475;N345538475-N1278839131;N1278839131-N25901948;N25901948-N25901958;N25901958-N345537803;N345537803-N25901950;N25901950-N25903296;N25903296-N25552450;N25552450-N3428425014;N3428425014-N25552449;N25552449-N4456617457;;;;;
8;N25901898|N4456617457;N25901898-N25901897;N25901897-N25901914;N25901914-N25901917;N25901917-N25901919;N25901919-N942080445;N942080445-N3323813669;N3323813669-N26513072;N26513072-N1278838937;N1278838937-N2377018002;N2377018002-N25552447;N25552447-N25552448;N25552448-N25552449;N25552449-N4456617457;;;;;;;;;
9;N2827804125|N1957490899;N2827804125-N25552447;N25552447-N2377018002;N2377018002-N1278838937;N1278838937-N26513072;N26513072-N1555729967;N1555729967-N1973690392;N1973690392-N26513085;N26513085-N26513067;N26513067-N26513111;N26513111-N26513137;N26513137-N942080459;N942080459-N255289007;N255289007-N255289006;N255289006-N2383701847;N2383701847-N4154368889;N4154368889-N329991544;N329991544-N2383701846;N2383701846-N21527321;N21527321-N1957490899;;;
9;N2827804125|N1957490899;N2827804125-N25552447;N25552447-N1555729961;N1555729961-N1278839005;N1278839005-N25552446;N25552446-N1950481125;N1950481125-N25552425;N25552425-N1981925767;N1981925767-N26513117;N26513117-N1973690386;N1973690386-N26513155;N26513155-N1981925766;N1981925766-N28096488;N28096488-N29484172;N29484172-N255289006;N255289006-N2383701847;N2383701847-N4154368889;N4154368889-N329991544;N329991544-N2383701846;N2383701846-N21527321;N21527321-N1957490899;;
9;N2827804125|N1957490899;N2827804125-N25552447;N25552447-N1555729961;N1555729961-N1278839005;N1278839005-N25552446;N25552446-N1950481121;N1950481121-N1973690393;N1973690393-N26513085;N26513085-N26513067;N26513067-N26513111;N26513111-N26513137;N26513137-N942080459;N942080459-N255289007;N255289007-N255289006;N255289006-N2383701847;N2383701847-N4154368889;N4154368889-N329991544;N329991544-N2383701846;N2383701846-N21527321;N21527321-N1957490899;;;
9;N2827804125|N1957490899;N2827804125-N25552447;N25552447-N1555729961;N1555729961-N1278839005;N1278839005-N25552446;N25552446-N1950481125;N1950481125-N25552425;N25552425-N1981925767;N1981925767-N26513117;N26513117-N26513124;N26513124-N26513111;N26513111-N26513137;N26513137-N942080459;N942080459-N255289007;N255289007-N255289006;N255289006-N2383701847;N2383701847-N4154368889;N4154368889-N329991544;N329991544-N2383701846;N2383701846-N21527321;N21527321-N1957490899;;
10;N2827804125|N25901898;N2827804125-N25552447;N25552447-N2377018002;N2377018002-N1278838937;N1278838937-N26513072;N26513072-N3323813669;N3323813669-N942080445;N942080445-N25901921;N25901921-N25901917;N25901917-N25901914;N25901914-N25901897;N25901897-N25901898;;;;;;;;;;;
10;N2827804125|N25901898;N2827804125-N1278839042;N1278839042-N3428425012;N3428425012-N3323948849;N3323948849-N345537803;N345537803-N25901958;N25901958-N25901948;N25901948-N1278839131;N1278839131-N345538475;N345538475-N1278838932;N1278838932-N25901925;N25901925-N3418035825;N3418035825-N25901895;N25901895-N25901914;N25901914-N25901897;N25901897-N25901898;;;;;;;
10;N2827804125|N25901898;N2827804125-N25552447;N25552447-N2377018002;N2377018002-N1278838937;N1278838937-N26513072;N26513072-N3323813669;N3323813669-N942080445;N942080445-N25901919;N25901919-N25901917;N25901917-N25901914;N25901914-N25901897;N25901897-N25901898;;;;;;;;;;;
11;N2827804125|N329991000;N2827804125-N25552447;N25552447-N2377018002;N2377018002-N1278838937;N1278838937-N26513072;N26513072-N1555729967;N1555729967-N1973690392;N1973690392-N26513085;N26513085-N26513067;N26513067-N26513061;N26513061-N26513105;N26513105-N26513097;N26513097-N1209332387;N1209332387-N1209330887;N1209330887-N329991000;;;;;;;;
11;N2827804125|N329991000;N2827804125-N25552447;N25552447-N1555729961;N1555729961-N1278839005;N1278839005-N25552446;N25552446-N1950481121;N1950481121-N1973690393;N1973690393-N26513085;N26513085-N26513067;N26513067-N26513111;N26513111-N26513105;N26513105-N26513145;N26513145-N171946;N171946-N3280496563;N3280496563-N329991000;;;;;;;;
11;N2827804125|N329991000;N2827804125-N25552447;N25552447-N1555729961;N1555729961-N1278839005;N1278839005-N25552446;N25552446-N1950481121;N1950481121-N1973690393;N1973690393-N26513085;N26513085-N26513067;N26513067-N26513061;N26513061-N26513105;N26513105-N26513097;N26513097-N1209332387;N1209332387-N1209330887;N1209330887-N329991000;;;;;;;;
11;N2827804125|N329991000;N2827804125-N25552447;N25552447-N1555729961;N1555729961-N1278839005;N1278839005-N25552446;N25552446-N1950481125;N1950481125-N25552425;N25552425-N1981925767;N1981925767-N26513117;N26513117-N26513124;N26513124-N26513111;N26513111-N26513105;N26513105-N26513097;N26513097-N1209332387;N1209332387-N1209330887;N1209330887-N329991000;;;;;;;
11;N2827804125|N329991000;N2827804125-N25552447;N25552447-N1555729961;N1555729961-N1278839005;N1278839005-N25552446;N25552446-N1950481121;N1950481121-N1973690393;N1973690393-N26513085;N26513085-N26513067;N26513067-N26513061;N26513061-N26513105;N26513105-N26513145;N26513145-N171946;N171946-N3280496563;N3280496563-N329991000;;;;;;;;
11;N2827804125|N329991000;N2827804125-N25552447;N25552447-N1555729961;N1555729961-N1278839005;N1278839005-N25552446;N25552446-N1950481121;N1950481121-N1973690393;N1973690393-N26513085;N26513085-N26513067;N26513067-N26513111;N26513111-N26513105;N26513105-N26513097;N26513097-N1209332387;N1209332387-N1209330887;N1209330887-N329991000;;;;;;;;
11;N2827804125|N329991000;N2827804125-N25552447;N25552447-N1555729961;N1555729961-N1278839005;N1278839005-N25552446;N25552446-N1950481125;N1950481125-N25552425;N25552425-N1981925767;N1981925767-N26513117;N26513117-N26513124;N26513124-N26513111;N26513111-N26513105;N26513105-N26513145;N26513145-N171946;N171946-N3280496563;N3280496563-N329991000;;;;;;;
11;N2827804125|N329991000;N2827804125-N25552447;N25552447-N2377018002;N2377018002-N1278838937;N1278838937-N26513072;N26513072-N1555729967;N1555729967-N1973690392;N1973690392-N26513085;N26513085-N26513067;N26513067-N26513111;N26513111-N26513105;N26513105-N26513097;N26513097-N1209332387;N1209332387-N1209330887;N1209330887-N329991000;;;;;;;;
11;N2827804125|N329991000;N2827804125-N25552447;N25552447-N2377018002;N2377018002-N1278838937;N1278838937-N26513072;N26513072-N1555729967;N1555729967-N1973690392;N1973690392-N26513085;N26513085-N26513067;N26513067-N26513061;N26513061-N26513105;N26513105-N26513145;N26513145-N171946;N171946-N3280496563;N3280496563-N329991000;;;;;;;;
11;N2827804125|N329991000;N2827804125-N25552447;N25552447-N2377018002;N2377018002-N1278838937;N1278838937-N26513072;N26513072-N1555729967;N1555729967-N1973690392;N1973690392-N26513085;N26513085-N26513067;N26513067-N26513111;N26513111-N26513105;N26513105-N26513145;N26513145-N171946;N171946-N3280496563;N3280496563-N329991000;;;;;;;;
12;N2827804125|N4456617457;N2827804125-N25552447;N25552447-N25552448;N25552448-N25552449;N25552449-N4456617457;;;;;;;;;;;;;;;;;;
13;N329991000|N1957490899;N329991000-N20953243;N20953243-N20953244;N20953244-N4018314904;N4018314904-N255522956;N255522956-N329991283;N329991283-N21527321;N21527321-N1957490899;;;;;;;;;;;;;;;
14;N329991000|N25901898;N329991000-N1209330887;N1209330887-N1209332387;N1209332387-N26513097;N26513097-N4576234828;N4576234828-N4576234824;N4576234824-N26513047;N26513047-N4576234823;N4576234823-N1555729985;N1555729985-N4576234370;N4576234370-N942080448;N942080448-N25901897;N25901897-N25901898;;;;;;;;;;
14;N329991000|N25901898;N329991000-N3280496563;N3280496563-N171946;N171946-N26513145;N26513145-N26513105;N26513105-N26513061;N26513061-N4576234358;N4576234358-N1900998825;N1900998825-N1900998827;N1900998827-N4576234377;N4576234377-N942080448;N942080448-N25901897;N25901897-N25901898;;;;;;;;;;
15;N329991000|N2827804125;N329991000-N1209330887;N1209330887-N1209332387;N1209332387-N26513097;N26513097-N26513105;N26513105-N26513061;N26513061-N26513067;N26513067-N26513085;N26513085-N1973690393;N1973690393-N1950481121;N1950481121-N25552446;N25552446-N1278839005;N1278839005-N1555729961;N1555729961-N25552447;N25552447-N2827804125;;;;;;;;
15;N329991000|N2827804125;N329991000-N3280496563;N3280496563-N171946;N171946-N26513145;N26513145-N26513105;N26513105-N26513111;N26513111-N26513124;N26513124-N26513117;N26513117-N1981925767;N1981925767-N25552425;N25552425-N1950481125;N1950481125-N25552446;N25552446-N1278839005;N1278839005-N1555729961;N1555729961-N25552447;N25552447-N2827804125;;;;;;;
15;N329991000|N2827804125;N329991000-N1209330887;N1209330887-N1209332387;N1209332387-N26513097;N26513097-N26513105;N26513105-N26513111;N26513111-N26513067;N26513067-N26513085;N26513085-N1973690392;N1973690392-N1555729967;N1555729967-N26513072;N26513072-N1278838937;N1278838937-N2377018002;N2377018002-N25552447;N25552447-N2827804125;;;;;;;;
15;N329991000|N2827804125;N329991000-N3280496563;N3280496563-N171946;N171946-N26513145;N26513145-N26513105;N26513105-N26513111;N26513111-N26513067;N26513067-N26513085;N26513085-N1973690393;N1973690393-N1950481121;N1950481121-N25552446;N25552446-N1278839005;N1278839005-N1555729961;N1555729961-N25552447;N25552447-N2827804125;;;;;;;;
15;N329991000|N2827804125;N329991000-N1209330887;N1209330887-N1209332387;N1209332387-N26513097;N26513097-N26513105;N26513105-N26513111;N26513111-N26513124;N26513124-N26513117;N26513117-N1981925767;N1981925767-N25552425;N25552425-N1950481125;N1950481125-N25552446;N25552446-N1278839005;N1278839005-N1555729961;N1555729961-N25552447;N25552447-N2827804125;;;;;;;
15;N329991000|N2827804125;N329991000-N3280496563;N3280496563-N171946;N171946-N26513145;N26513145-N26513105;N26513105-N26513061;N26513061-N26513067;N26513067-N26513085;N26513085-N1973690392;N1973690392-N1555729967;N1555729967-N26513072;N26513072-N1278838937;N1278838937-N2377018002;N2377018002-N25552447;N25552447-N2827804125;;;;;;;;
15;N329991000|N2827804125;N329991000-N1209330887;N1209330887-N1209332387;N1209332387-N26513097;N26513097-N26513105;N26513105-N26513111;N26513111-N26513067;N26513067-N26513085;N26513085-N1973690393;N1973690393-N1950481121;N1950481121-N25552446;N25552446-N1278839005;N1278839005-N1555729961;N1555729961-N25552447;N25552447-N2827804125;;;;;;;;
15;N329991000|N2827804125;N329991000-N3280496563;N3280496563-N171946;N171946-N26513145;N26513145-N26513105;N26513105-N26513061;N26513061-N26513067;N26513067-N26513085;N26513085-N1973690393;N1973690393-N1950481121;N1950481121-N25552446;N25552446-N1278839005;N1278839005-N1555729961;N1555729961-N25552447;N25552447-N2827804125;;;;;;;;
15;N329991000|N2827804125;N329991000-N1209330887;N1209330887-N1209332387;N1209332387-N26513097;N26513097-N26513105;N26513105-N26513061;N26513061-N26513067;N26513067-N26513085;N26513085-N1973690392;N1973690392-N1555729967;N1555729967-N26513072;N26513072-N1278838937;N1278838937-N2377018002;N2377018002-N25552447;N25552447-N2827804125;;;;;;;;
15;N329991000|N2827804125;N329991000-N3280496563;N3280496563-N171946;N171946-N26513145;N26513145-N26513105;N26513105-N26513111;N26513111-N26513067;N26513067-N26513085;N26513085-N1973690392;N1973690392-N1555729967;N1555729967-N26513072;N26513072-N1278838937;N1278838937-N2377018002;N2377018002-N25552447;N25552447-N2827804125;;;;;;;;
16;N329991000|N4456617457;N329991000-N1209330887;N1209330887-N1209332387;N1209332387-N26513097;N26513097-N26513105;N26513105-N26513061;N26513061-N26513067;N26513067-N26513085;N26513085-N1973690393;N1973690393-N1950481121;N1950481121-N25552446;N25552446-N1278839005;N1278839005-N1555729961;N1555729961-N25552447;N25552447-N25552448;N25552448-N25552449;N25552449-N4456617457;;;;;;
16;N329991000|N4456617457;N329991000-N3280496563;N3280496563-N171946;N171946-N26513145;N26513145-N26513105;N26513105-N26513111;N26513111-N26513124;N26513124-N26513117;N26513117-N1981925767;N1981925767-N25552425;N25552425-N1950481125;N1950481125-N25552446;N25552446-N1278839005;N1278839005-N1555729961;N1555729961-N25552447;N25552447-N25552448;N25552448-N25552449;N25552449-N4456617457;;;;;
16;N329991000|N4456617457;N329991000-N1209330887;N1209330887-N1209332387;N1209332387-N26513097;N26513097-N26513105;N26513105-N26513111;N26513111-N26513067;N26513067-N26513085;N26513085-N1973690392;N1973690392-N1555729967;N1555729967-N26513072;N26513072-N1278838937;N1278838937-N2377018002;N2377018002-N25552447;N25552447-N25552448;N25552448-N25552449;N25552449-N4456617457;;;;;;
16;N329991000|N4456617457;N329991000-N3280496563;N3280496563-N171946;N171946-N26513145;N26513145-N26513105;N26513105-N26513111;N26513111-N26513067;N26513067-N26513085;N26513085-N1973690393;N1973690393-N1950481121;N1950481121-N25552446;N25552446-N1278839005;N1278839005-N1555729961;N1555729961-N25552447;N25552447-N25552448;N25552448-N25552449;N25552449-N4456617457;;;;;;
16;N329991000|N4456617457;N329991000-N1209330887;N1209330887-N1209332387;N1209332387-N26513097;N26513097-N26513105;N26513105-N26513111;N26513111-N26513124;N26513124-N26513117;N26513117-N1981925767;N1981925767-N25552425;N25552425-N1950481125;N1950481125-N25552446;N25552446-N1278839005;N1278839005-N1555729961;N1555729961-N25552447;N25552447-N25552448;N25552448-N25552449;N25552449-N4456617457;;;;;
16;N329991000|N4456617457;N329991000-N3280496563;N3280496563-N171946;N171946-N26513145;N26513145-N26513105;N26513105-N26513061;N26513061-N26513067;N26513067-N26513085;N26513085-N1973690392;N1973690392-N1555729967;N1555729967-N26513072;N26513072-N1278838937;N1278838937-N2377018002;N2377018002-N25552447;N25552447-N25552448;N25552448-N25552449;N25552449-N4456617457;;;;;;
16;N329991000|N4456617457;N329991000-N1209330887;N1209330887-N1209332387;N1209332387-N26513097;N26513097-N26513105;N26513105-N26513111;N26513111-N26513067;N26513067-N26513085;N26513085-N1973690393;N1973690393-N1950481121;N1950481121-N25552446;N25552446-N1278839005;N1278839005-N1555729961;N1555729961-N25552447;N25552447-N25552448;N25552448-N25552449;N25552449-N4456617457;;;;;;
16;N329991000|N4456617457;N329991000-N3280496563;N3280496563-N171946;N171946-N26513145;N26513145-N26513105;N26513105-N26513061;N26513061-N26513067;N26513067-N26513085;N26513085-N1973690393;N1973690393-N1950481121;N1950481121-N25552446;N25552446-N1278839005;N1278839005-N1555729961;N1555729961-N25552447;N25552447-N25552448;N25552448-N25552449;N25552449-N4456617457;;;;;;
16;N329991000|N4456617457;N329991000-N1209330887;N1209330887-N1209332387;N1209332387-N26513097;N26513097-N26513105;N26513105-N26513061;N26513061-N26513067;N26513067-N26513085;N26513085-N1973690392;N1973690392-N1555729967;N1555729967-N26513072;N26513072-N1278838937;N1278838937-N2377018002;N2377018002-N25552447;N25552447-N25552448;N25552448-N25552449;N25552449-N4456617457;;;;;;
16;N329991000|N4456617457;N329991000-N3280496563;N3280496563-N171946;N171946-N26513145;N26513145-N26513105;N26513105-N26513111;N26513111-N26513067;N26513067-N26513085;N26513085-N1973690392;N1973690392-N1555729967;N1555729967-N26513072;N26513072-N1278838937;N1278838937-N2377018002;N2377018002-N25552447;N25552447-N25552448;N25552448-N25552449;N25552449-N4456617457;;;;;;
17;N4456617457|N1957490899;N4456617457-N25552449;N25552449-N25552448;N25552448-N25552447;N25552447-N2377018002;N2377018002-N1278838937;N1278838937-N26513072;N26513072-N1555729967;N1555729967-N1973690392;N1973690392-N26513085;N26513085-N26513067;N26513067-N26513111;N26513111-N26513137;N26513137-N942080459;N942080459-N255289007;N255289007-N255289006;N255289006-N2383701847;N2383701847-N4154368889;N4154368889-N329991544;N329991544-N2383701846;N2383701846-N21527321;N21527321-N1957490899;
17;N4456617457|N1957490899;N4456617457-N25552449;N25552449-N25552448;N25552448-N25552447;N25552447-N1555729961;N1555729961-N1278839005;N1278839005-N25552446;N25552446-N1950481125;N1950481125-N25552425;N25552425-N1981925767;N1981925767-N26513117;N26513117-N1973690386;N1973690386-N26513155;N26513155-N1981925766;N1981925766-N28096488;N28096488-N29484172;N29484172-N255289006;N255289006-N2383701847;N2383701847-N4154368889;N4154368889-N329991544;N329991544-N2383701846;N2383701846-N21527321;N21527321-N1957490899
17;N4456617457|N1957490899;N4456617457-N25552449;N25552449-N25552448;N25552448-N25552447;N25552447-N1555729961;N1555729961-N1278839005;N1278839005-N25552446;N25552446-N1950481121;N1950481121-N1973690393;N1973690393-N26513085;N26513085-N26513067;N26513067-N26513111;N26513111-N26513137;N26513137-N942080459;N942080459-N255289007;N255289007-N255289006;N255289006-N2383701847;N2383701847-N4154368889;N4154368889-N329991544;N329991544-N2383701846;N2383701846-N21527321;N21527321-N1957490899;
17;N4456617457|N1957490899;N4456617457-N25552449;N25552449-N25552448;N25552448-N25552447;N25552447-N1555729961;N1555729961-N1278839005;N1278839005-N25552446;N25552446-N1950481125;N1950481125-N25552425;N25552425-N1981925767;N1981925767-N26513117;N26513117-N26513124;N26513124-N26513111;N26513111-N26513137;N26513137-N942080459;N942080459-N255289007;N255289007-N255289006;N255289006-N2383701847;N2383701847-N4154368889;N4154368889-N329991544;N329991544-N2383701846;N2383701846-N21527321;N21527321-N1957490899
18;N4456617457|N25901898;N4456617457-N25552449;N25552449-N25552448;N25552448-N25552447;N25552447-N2377018002;N2377018002-N1278838937;N1278838937-N26513072;N26513072-N3323813669;N3323813669-N942080445;N942080445-N25901921;N25901921-N25901917;N25901917-N25901914;N25901914-N25901897;N25901897-N25901898;;;;;;;;;
18;N4456617457|N25901898;N4456617457-N25552449;N25552449-N3428425014;N3428425014-N25552450;N25552450-N25903296;N25903296-N25901950;N25901950-N345537803;N345537803-N25901958;N25901958-N25901948;N25901948-N1278839131;N1278839131-N345538475;N345538475-N1278838932;N1278838932-N25901925;N25901925-N3418035825;N3418035825-N25901895;N25901895-N25901914;N25901914-N25901897;N25901897-N25901898;;;;;
18;N4456617457|N25901898;N4456617457-N25552449;N25552449-N25552448;N25552448-N25552447;N25552447-N2377018002;N2377018002-N1278838937;N1278838937-N26513072;N26513072-N3323813669;N3323813669-N942080445;N942080445-N25901919;N25901919-N25901917;N25901917-N25901914;N25901914-N25901897;N25901897-N25901898;;;;;;;;;
19;N4456617457|N2827804125;N4456617457-N25552449;N25552449-N25552448;N25552448-N25552447;N25552447-N2827804125;;;;;;;;;;;;;;;;;;
20;N4456617457|N329991000;N4456617457-N25552449;N25552449-N25552448;N25552448-N25552447;N25552447-N2377018002;N2377018002-N1278838937;N1278838937-N26513072;N26513072-N1555729967;N1555729967-N1973690392;N1973690392-N26513085;N26513085-N26513067;N26513067-N26513061;N26513061-N26513105;N26513105-N26513097;N26513097-N1209332387;N1209332387-N1209330887;N1209330887-N329991000;;;;;;
20;N4456617457|N329991000;N4456617457-N25552449;N25552449-N25552448;N25552448-N25552447;N25552447-N1555729961;N1555729961-N1278839005;N1278839005-N25552446;N25552446-N1950481121;N1950481121-N1973690393;N1973690393-N26513085;N26513085-N26513067;N26513067-N26513111;N26513111-N26513105;N26513105-N26513145;N26513145-N171946;N171946-N3280496563;N3280496563-N329991000;;;;;;
20;N4456617457|N329991000;N4456617457-N25552449;N25552449-N25552448;N25552448-N25552447;N25552447-N1555729961;N1555729961-N1278839005;N1278839005-N25552446;N25552446-N1950481121;N1950481121-N1973690393;N1973690393-N26513085;N26513085-N26513067;N26513067-N26513061;N26513061-N26513105;N26513105-N26513097;N26513097-N1209332387;N1209332387-N1209330887;N1209330887-N329991000;;;;;;
20;N4456617457|N329991000;N4456617457-N25552449;N25552449-N25552448;N25552448-N25552447;N25552447-N1555729961;N1555729961-N1278839005;N1278839005-N25552446;N25552446-N1950481125;N1950481125-N25552425;N25552425-N1981925767;N1981925767-N26513117;N26513117-N26513124;N26513124-N26513111;N26513111-N26513105;N26513105-N26513097;N26513097-N1209332387;N1209332387-N1209330887;N1209330887-N329991000;;;;;
20;N4456617457|N329991000;N4456617457-N25552449;N25552449-N25552448;N25552448-N25552447;N25552447-N2377018002;N2377018002-N1278838937;N1278838937-N26513072;N26513072-N1555729967;N1555729967-N1973690392;N1973690392-N26513085;N26513085-N26513067;N26513067-N26513061;N26513061-N26513105;N26513105-N26513145;N26513145-N171946;N171946-N3280496563;N3280496563-N329991000;;;;;;
20;N4456617457|N329991000;N4456617457-N25552449;N25552449-N25552448;N25552448-N25552447;N25552447-N1555729961;N1555729961-N1278839005;N1278839005-N25552446;N25552446-N1950481121;N1950481121-N1973690393;N1973690393-N26513085;N26513085-N26513067;N26513067-N26513111;N26513111-N26513105;N26513105-N26513097;N26513097-N1209332387;N1209332387-N1209330887;N1209330887-N329991000;;;;;;
20;N4456617457|N329991000;N4456617457-N25552449;N25552449-N25552448;N25552448-N25552447;N25552447-N1555729961;N1555729961-N1278839005;N1278839005-N25552446;N25552446-N1950481121;N1950481121-N1973690393;N1973690393-N26513085;N26513085-N26513067;N26513067-N26513061;N26513061-N26513105;N26513105-N26513145;N26513145-N171946;N171946-N3280496563;N3280496563-N329991000;;;;;;
20;N4456617457|N329991000;N4456617457-N25552449;N25552449-N25552448;N25552448-N25552447;N25552447-N1555729961;N1555729961-N1278839005;N1278839005-N25552446;N25552446-N1950481125;N1950481125-N25552425;N25552425-N1981925767;N1981925767-N26513117;N26513117-N26513124;N26513124-N26513111;N26513111-N26513105;N26513105-N26513145;N26513145-N171946;N171946-N3280496563;N3280496563-N329991000;;;;;
20;N4456617457|N329991000;N4456617457-N25552449;N25552449-N25552448;N25552448-N25552447;N25552447-N2377018002;N2377018002-N1278838937;N1278838937-N26513072;N26513072-N1555729967;N1555729967-N1973690392;N1973690392-N26513085;N26513085-N26513067;N26513067-N26513111;N26513111-N26513105;N26513105-N26513097;N26513097-N1209332387;N1209332387-N1209330887;N1209330887-N329991000;;;;;;
20;N4456617457|N329991000;N4456617457-N25552449;N25552449-N25552448;N25552448-N25552447;N25552447-N2377018002;N2377018002-N1278838937;N1278838937-N26513072;N26513072-N1555729967;N1555729967-N1973690392;N1973690392-N26513085;N26513085-N26513067;N26513067-N26513111;N26513111-N26513105;N26513105-N26513145;N26513145-N171946;N171946-N3280496563;N3280496563-N329991000;;;;;;
